{"format": "layers-model", "generatedBy": "keras v2.15.0", "convertedBy": "TensorFlow.js Converter v4.20.0", "modelTopology": {"keras_version": "2.15.0", "backend": "tensorflow", "model_config": {"class_name": "Sequential", "config": {"name": "sequential", "layers": [{"class_name": "InputLayer", "config": {"batch_input_shape": [null, 150, 150, 3], "dtype": "float32", "sparse": false, "ragged": false, "name": "vgg16_input"}}, {"class_name": "Functional", "config": {"name": "vgg16", "trainable": false, "layers": [{"module": "keras.layers", "class_name": "InputLayer", "config": {"batch_input_shape": [null, 150, 150, 3], "dtype": "float32", "sparse": false, "ragged": false, "name": "input_1"}, "registered_name": null, "name": "input_1", "inbound_nodes": []}, {"module": "keras.layers", "class_name": "Conv2D", "config": {"name": "block1_conv1", "trainable": false, "dtype": "float32", "filters": 64, "kernel_size": [3, 3], "strides": [1, 1], "padding": "same", "data_format": "channels_last", "dilation_rate": [1, 1], "groups": 1, "activation": "relu", "use_bias": true, "kernel_initializer": {"module": "keras.initializers", "class_name": "GlorotUniform", "config": {"seed": null}, "registered_name": null}, "bias_initializer": {"module": "keras.initializers", "class_name": "Zeros", "config": {}, "registered_name": null}, "kernel_regularizer": null, "bias_regularizer": null, "activity_regularizer": null, "kernel_constraint": null, "bias_constraint": null}, "registered_name": null, "build_config": {"input_shape": [null, 150, 150, 3]}, "name": "block1_conv1", "inbound_nodes": [[["input_1", 0, 0, {}]]]}, {"module": "keras.layers", "class_name": "Conv2D", "config": {"name": "block1_conv2", "trainable": false, "dtype": "float32", "filters": 64, "kernel_size": [3, 3], "strides": [1, 1], "padding": "same", "data_format": "channels_last", "dilation_rate": [1, 1], "groups": 1, "activation": "relu", "use_bias": true, "kernel_initializer": {"module": "keras.initializers", "class_name": "GlorotUniform", "config": {"seed": null}, "registered_name": null}, "bias_initializer": {"module": "keras.initializers", "class_name": "Zeros", "config": {}, "registered_name": null}, "kernel_regularizer": null, "bias_regularizer": null, "activity_regularizer": null, "kernel_constraint": null, "bias_constraint": null}, "registered_name": null, "build_config": {"input_shape": [null, 150, 150, 64]}, "name": "block1_conv2", "inbound_nodes": [[["block1_conv1", 0, 0, {}]]]}, {"module": "keras.layers", "class_name": "MaxPooling2D", "config": {"name": "block1_pool", "trainable": false, "dtype": "float32", "pool_size": [2, 2], "padding": "valid", "strides": [2, 2], "data_format": "channels_last"}, "registered_name": null, "build_config": {"input_shape": [null, 150, 150, 64]}, "name": "block1_pool", "inbound_nodes": [[["block1_conv2", 0, 0, {}]]]}, {"module": "keras.layers", "class_name": "Conv2D", "config": {"name": "block2_conv1", "trainable": false, "dtype": "float32", "filters": 128, "kernel_size": [3, 3], "strides": [1, 1], "padding": "same", "data_format": "channels_last", "dilation_rate": [1, 1], "groups": 1, "activation": "relu", "use_bias": true, "kernel_initializer": {"module": "keras.initializers", "class_name": "GlorotUniform", "config": {"seed": null}, "registered_name": null}, "bias_initializer": {"module": "keras.initializers", "class_name": "Zeros", "config": {}, "registered_name": null}, "kernel_regularizer": null, "bias_regularizer": null, "activity_regularizer": null, "kernel_constraint": null, "bias_constraint": null}, "registered_name": null, "build_config": {"input_shape": [null, 75, 75, 64]}, "name": "block2_conv1", "inbound_nodes": [[["block1_pool", 0, 0, {}]]]}, {"module": "keras.layers", "class_name": "Conv2D", "config": {"name": "block2_conv2", "trainable": false, "dtype": "float32", "filters": 128, "kernel_size": [3, 3], "strides": [1, 1], "padding": "same", "data_format": "channels_last", "dilation_rate": [1, 1], "groups": 1, "activation": "relu", "use_bias": true, "kernel_initializer": {"module": "keras.initializers", "class_name": "GlorotUniform", "config": {"seed": null}, "registered_name": null}, "bias_initializer": {"module": "keras.initializers", "class_name": "Zeros", "config": {}, "registered_name": null}, "kernel_regularizer": null, "bias_regularizer": null, "activity_regularizer": null, "kernel_constraint": null, "bias_constraint": null}, "registered_name": null, "build_config": {"input_shape": [null, 75, 75, 128]}, "name": "block2_conv2", "inbound_nodes": [[["block2_conv1", 0, 0, {}]]]}, {"module": "keras.layers", "class_name": "MaxPooling2D", "config": {"name": "block2_pool", "trainable": false, "dtype": "float32", "pool_size": [2, 2], "padding": "valid", "strides": [2, 2], "data_format": "channels_last"}, "registered_name": null, "build_config": {"input_shape": [null, 75, 75, 128]}, "name": "block2_pool", "inbound_nodes": [[["block2_conv2", 0, 0, {}]]]}, {"module": "keras.layers", "class_name": "Conv2D", "config": {"name": "block3_conv1", "trainable": false, "dtype": "float32", "filters": 256, "kernel_size": [3, 3], "strides": [1, 1], "padding": "same", "data_format": "channels_last", "dilation_rate": [1, 1], "groups": 1, "activation": "relu", "use_bias": true, "kernel_initializer": {"module": "keras.initializers", "class_name": "GlorotUniform", "config": {"seed": null}, "registered_name": null}, "bias_initializer": {"module": "keras.initializers", "class_name": "Zeros", "config": {}, "registered_name": null}, "kernel_regularizer": null, "bias_regularizer": null, "activity_regularizer": null, "kernel_constraint": null, "bias_constraint": null}, "registered_name": null, "build_config": {"input_shape": [null, 37, 37, 128]}, "name": "block3_conv1", "inbound_nodes": [[["block2_pool", 0, 0, {}]]]}, {"module": "keras.layers", "class_name": "Conv2D", "config": {"name": "block3_conv2", "trainable": false, "dtype": "float32", "filters": 256, "kernel_size": [3, 3], "strides": [1, 1], "padding": "same", "data_format": "channels_last", "dilation_rate": [1, 1], "groups": 1, "activation": "relu", "use_bias": true, "kernel_initializer": {"module": "keras.initializers", "class_name": "GlorotUniform", "config": {"seed": null}, "registered_name": null}, "bias_initializer": {"module": "keras.initializers", "class_name": "Zeros", "config": {}, "registered_name": null}, "kernel_regularizer": null, "bias_regularizer": null, "activity_regularizer": null, "kernel_constraint": null, "bias_constraint": null}, "registered_name": null, "build_config": {"input_shape": [null, 37, 37, 256]}, "name": "block3_conv2", "inbound_nodes": [[["block3_conv1", 0, 0, {}]]]}, {"module": "keras.layers", "class_name": "Conv2D", "config": {"name": "block3_conv3", "trainable": false, "dtype": "float32", "filters": 256, "kernel_size": [3, 3], "strides": [1, 1], "padding": "same", "data_format": "channels_last", "dilation_rate": [1, 1], "groups": 1, "activation": "relu", "use_bias": true, "kernel_initializer": {"module": "keras.initializers", "class_name": "GlorotUniform", "config": {"seed": null}, "registered_name": null}, "bias_initializer": {"module": "keras.initializers", "class_name": "Zeros", "config": {}, "registered_name": null}, "kernel_regularizer": null, "bias_regularizer": null, "activity_regularizer": null, "kernel_constraint": null, "bias_constraint": null}, "registered_name": null, "build_config": {"input_shape": [null, 37, 37, 256]}, "name": "block3_conv3", "inbound_nodes": [[["block3_conv2", 0, 0, {}]]]}, {"module": "keras.layers", "class_name": "MaxPooling2D", "config": {"name": "block3_pool", "trainable": false, "dtype": "float32", "pool_size": [2, 2], "padding": "valid", "strides": [2, 2], "data_format": "channels_last"}, "registered_name": null, "build_config": {"input_shape": [null, 37, 37, 256]}, "name": "block3_pool", "inbound_nodes": [[["block3_conv3", 0, 0, {}]]]}, {"module": "keras.layers", "class_name": "Conv2D", "config": {"name": "block4_conv1", "trainable": false, "dtype": "float32", "filters": 512, "kernel_size": [3, 3], "strides": [1, 1], "padding": "same", "data_format": "channels_last", "dilation_rate": [1, 1], "groups": 1, "activation": "relu", "use_bias": true, "kernel_initializer": {"module": "keras.initializers", "class_name": "GlorotUniform", "config": {"seed": null}, "registered_name": null}, "bias_initializer": {"module": "keras.initializers", "class_name": "Zeros", "config": {}, "registered_name": null}, "kernel_regularizer": null, "bias_regularizer": null, "activity_regularizer": null, "kernel_constraint": null, "bias_constraint": null}, "registered_name": null, "build_config": {"input_shape": [null, 18, 18, 256]}, "name": "block4_conv1", "inbound_nodes": [[["block3_pool", 0, 0, {}]]]}, {"module": "keras.layers", "class_name": "Conv2D", "config": {"name": "block4_conv2", "trainable": false, "dtype": "float32", "filters": 512, "kernel_size": [3, 3], "strides": [1, 1], "padding": "same", "data_format": "channels_last", "dilation_rate": [1, 1], "groups": 1, "activation": "relu", "use_bias": true, "kernel_initializer": {"module": "keras.initializers", "class_name": "GlorotUniform", "config": {"seed": null}, "registered_name": null}, "bias_initializer": {"module": "keras.initializers", "class_name": "Zeros", "config": {}, "registered_name": null}, "kernel_regularizer": null, "bias_regularizer": null, "activity_regularizer": null, "kernel_constraint": null, "bias_constraint": null}, "registered_name": null, "build_config": {"input_shape": [null, 18, 18, 512]}, "name": "block4_conv2", "inbound_nodes": [[["block4_conv1", 0, 0, {}]]]}, {"module": "keras.layers", "class_name": "Conv2D", "config": {"name": "block4_conv3", "trainable": false, "dtype": "float32", "filters": 512, "kernel_size": [3, 3], "strides": [1, 1], "padding": "same", "data_format": "channels_last", "dilation_rate": [1, 1], "groups": 1, "activation": "relu", "use_bias": true, "kernel_initializer": {"module": "keras.initializers", "class_name": "GlorotUniform", "config": {"seed": null}, "registered_name": null}, "bias_initializer": {"module": "keras.initializers", "class_name": "Zeros", "config": {}, "registered_name": null}, "kernel_regularizer": null, "bias_regularizer": null, "activity_regularizer": null, "kernel_constraint": null, "bias_constraint": null}, "registered_name": null, "build_config": {"input_shape": [null, 18, 18, 512]}, "name": "block4_conv3", "inbound_nodes": [[["block4_conv2", 0, 0, {}]]]}, {"module": "keras.layers", "class_name": "MaxPooling2D", "config": {"name": "block4_pool", "trainable": false, "dtype": "float32", "pool_size": [2, 2], "padding": "valid", "strides": [2, 2], "data_format": "channels_last"}, "registered_name": null, "build_config": {"input_shape": [null, 18, 18, 512]}, "name": "block4_pool", "inbound_nodes": [[["block4_conv3", 0, 0, {}]]]}, {"module": "keras.layers", "class_name": "Conv2D", "config": {"name": "block5_conv1", "trainable": false, "dtype": "float32", "filters": 512, "kernel_size": [3, 3], "strides": [1, 1], "padding": "same", "data_format": "channels_last", "dilation_rate": [1, 1], "groups": 1, "activation": "relu", "use_bias": true, "kernel_initializer": {"module": "keras.initializers", "class_name": "GlorotUniform", "config": {"seed": null}, "registered_name": null}, "bias_initializer": {"module": "keras.initializers", "class_name": "Zeros", "config": {}, "registered_name": null}, "kernel_regularizer": null, "bias_regularizer": null, "activity_regularizer": null, "kernel_constraint": null, "bias_constraint": null}, "registered_name": null, "build_config": {"input_shape": [null, 9, 9, 512]}, "name": "block5_conv1", "inbound_nodes": [[["block4_pool", 0, 0, {}]]]}, {"module": "keras.layers", "class_name": "Conv2D", "config": {"name": "block5_conv2", "trainable": false, "dtype": "float32", "filters": 512, "kernel_size": [3, 3], "strides": [1, 1], "padding": "same", "data_format": "channels_last", "dilation_rate": [1, 1], "groups": 1, "activation": "relu", "use_bias": true, "kernel_initializer": {"module": "keras.initializers", "class_name": "GlorotUniform", "config": {"seed": null}, "registered_name": null}, "bias_initializer": {"module": "keras.initializers", "class_name": "Zeros", "config": {}, "registered_name": null}, "kernel_regularizer": null, "bias_regularizer": null, "activity_regularizer": null, "kernel_constraint": null, "bias_constraint": null}, "registered_name": null, "build_config": {"input_shape": [null, 9, 9, 512]}, "name": "block5_conv2", "inbound_nodes": [[["block5_conv1", 0, 0, {}]]]}, {"module": "keras.layers", "class_name": "Conv2D", "config": {"name": "block5_conv3", "trainable": false, "dtype": "float32", "filters": 512, "kernel_size": [3, 3], "strides": [1, 1], "padding": "same", "data_format": "channels_last", "dilation_rate": [1, 1], "groups": 1, "activation": "relu", "use_bias": true, "kernel_initializer": {"module": "keras.initializers", "class_name": "GlorotUniform", "config": {"seed": null}, "registered_name": null}, "bias_initializer": {"module": "keras.initializers", "class_name": "Zeros", "config": {}, "registered_name": null}, "kernel_regularizer": null, "bias_regularizer": null, "activity_regularizer": null, "kernel_constraint": null, "bias_constraint": null}, "registered_name": null, "build_config": {"input_shape": [null, 9, 9, 512]}, "name": "block5_conv3", "inbound_nodes": [[["block5_conv2", 0, 0, {}]]]}, {"module": "keras.layers", "class_name": "MaxPooling2D", "config": {"name": "block5_pool", "trainable": false, "dtype": "float32", "pool_size": [2, 2], "padding": "valid", "strides": [2, 2], "data_format": "channels_last"}, "registered_name": null, "build_config": {"input_shape": [null, 9, 9, 512]}, "name": "block5_pool", "inbound_nodes": [[["block5_conv3", 0, 0, {}]]]}], "input_layers": [["input_1", 0, 0]], "output_layers": [["block5_pool", 0, 0]]}}, {"class_name": "GlobalAveragePooling2D", "config": {"name": "global_average_pooling2d", "trainable": true, "dtype": "float32", "data_format": "channels_last", "keepdims": false}}, {"class_name": "Dense", "config": {"name": "dense", "trainable": true, "dtype": "float32", "units": 512, "activation": "relu", "use_bias": true, "kernel_initializer": {"module": "keras.initializers", "class_name": "GlorotUniform", "config": {"seed": null}, "registered_name": null}, "bias_initializer": {"module": "keras.initializers", "class_name": "Zeros", "config": {}, "registered_name": null}, "kernel_regularizer": null, "bias_regularizer": null, "activity_regularizer": null, "kernel_constraint": null, "bias_constraint": null}}, {"class_name": "Dropout", "config": {"name": "dropout", "trainable": true, "dtype": "float32", "rate": 0.5, "noise_shape": null, "seed": null}}, {"class_name": "Dense", "config": {"name": "dense_1", "trainable": true, "dtype": "float32", "units": 12, "activation": "softmax", "use_bias": true, "kernel_initializer": {"module": "keras.initializers", "class_name": "GlorotUniform", "config": {"seed": null}, "registered_name": null}, "bias_initializer": {"module": "keras.initializers", "class_name": "Zeros", "config": {}, "registered_name": null}, "kernel_regularizer": null, "bias_regularizer": null, "activity_regularizer": null, "kernel_constraint": null, "bias_constraint": null}}]}}, "training_config": {"loss": "categorical_crossentropy", "metrics": [[{"class_name": "MeanMetricWrapper", "config": {"name": "accuracy", "dtype": "float32", "fn": "categorical_accuracy"}}]], "weighted_metrics": null, "loss_weights": null, "optimizer_config": {"class_name": "Custom>Adam", "config": {"name": "Adam", "weight_decay": null, "clipnorm": null, "global_clipnorm": null, "clipvalue": null, "use_ema": false, "ema_momentum": 0.99, "ema_overwrite_frequency": null, "jit_compile": true, "is_legacy_optimizer": false, "learning_rate": 0.0010000000474974513, "beta_1": 0.9, "beta_2": 0.999, "epsilon": 1e-07, "amsgrad": false}}}}, "weightsManifest": [{"paths": ["group1-shard1of15.bin", "group1-shard2of15.bin", "group1-shard3of15.bin", "group1-shard4of15.bin", "group1-shard5of15.bin", "group1-shard6of15.bin", "group1-shard7of15.bin", "group1-shard8of15.bin", "group1-shard9of15.bin", "group1-shard10of15.bin", "group1-shard11of15.bin", "group1-shard12of15.bin", "group1-shard13of15.bin", "group1-shard14of15.bin", "group1-shard15of15.bin"], "weights": [{"name": "dense/kernel", "shape": [512, 512], "dtype": "float32"}, {"name": "dense/bias", "shape": [512], "dtype": "float32"}, {"name": "dense_1/kernel", "shape": [512, 12], "dtype": "float32"}, {"name": "dense_1/bias", "shape": [12], "dtype": "float32"}, {"name": "block1_conv1/kernel", "shape": [3, 3, 3, 64], "dtype": "float32"}, {"name": "block1_conv1/bias", "shape": [64], "dtype": "float32"}, {"name": "block1_conv2/kernel", "shape": [3, 3, 64, 64], "dtype": "float32"}, {"name": "block1_conv2/bias", "shape": [64], "dtype": "float32"}, {"name": "block2_conv1/kernel", "shape": [3, 3, 64, 128], "dtype": "float32"}, {"name": "block2_conv1/bias", "shape": [128], "dtype": "float32"}, {"name": "block2_conv2/kernel", "shape": [3, 3, 128, 128], "dtype": "float32"}, {"name": "block2_conv2/bias", "shape": [128], "dtype": "float32"}, {"name": "block3_conv1/kernel", "shape": [3, 3, 128, 256], "dtype": "float32"}, {"name": "block3_conv1/bias", "shape": [256], "dtype": "float32"}, {"name": "block3_conv2/kernel", "shape": [3, 3, 256, 256], "dtype": "float32"}, {"name": "block3_conv2/bias", "shape": [256], "dtype": "float32"}, {"name": "block3_conv3/kernel", "shape": [3, 3, 256, 256], "dtype": "float32"}, {"name": "block3_conv3/bias", "shape": [256], "dtype": "float32"}, {"name": "block4_conv1/kernel", "shape": [3, 3, 256, 512], "dtype": "float32"}, {"name": "block4_conv1/bias", "shape": [512], "dtype": "float32"}, {"name": "block4_conv2/kernel", "shape": [3, 3, 512, 512], "dtype": "float32"}, {"name": "block4_conv2/bias", "shape": [512], "dtype": "float32"}, {"name": "block4_conv3/kernel", "shape": [3, 3, 512, 512], "dtype": "float32"}, {"name": "block4_conv3/bias", "shape": [512], "dtype": "float32"}, {"name": "block5_conv1/kernel", "shape": [3, 3, 512, 512], "dtype": "float32"}, {"name": "block5_conv1/bias", "shape": [512], "dtype": "float32"}, {"name": "block5_conv2/kernel", "shape": [3, 3, 512, 512], "dtype": "float32"}, {"name": "block5_conv2/bias", "shape": [512], "dtype": "float32"}, {"name": "block5_conv3/kernel", "shape": [3, 3, 512, 512], "dtype": "float32"}, {"name": "block5_conv3/bias", "shape": [512], "dtype": "float32"}]}]}